{"@class":"Light","id":{"uuid":"005684BF-7B1A-45B2-A5E7-C5C4DF3C8620"},"lightType":"point","color":{"values":[0.8980392217636108,0.06233310326933861,0.06233310326933861]},"intensity":10.0,"radius":15.0,"coneAngle":45.0,"prenumbra":1.0,"shadowType":"no","shadowSizeX":16.0,"shadowSizeY":16.0,"shadowResolutionX":1024.0,"shadowResolutionY":1024.0,"shadowDarkness":1.0,"shadowBias":0.5}