{"@class":"Light","id":{"uuid":"01815EEC-7D0C-4637-B884-49F25072600F"},"lightType":"spot","color":{"values":[0.30588236451148989,0.5803921818733215,0.9607843160629273]},"intensity":3.0,"radius":34.0,"coneAngle":109.0,"prenumbra":30.0,"shadowType":"no","shadowSizeX":16.0,"shadowSizeY":16.0,"shadowResolutionX":1024.0,"shadowResolutionY":1024.0,"shadowDarkness":1.0,"shadowBias":0.5}