{"@class":"Light","id":{"uuid":"0884ECD3-F6FB-45F6-B7A3-5C91E8BFC2A9"},"lightType":"point","color":{"values":[0.08647287636995316,0.5748531222343445,0.8784313797950745]},"intensity":4.0,"radius":10.0,"coneAngle":45.0,"prenumbra":1.0,"shadowType":"no","shadowSizeX":16.0,"shadowSizeY":16.0,"shadowResolutionX":1024.0,"shadowResolutionY":1024.0,"shadowDarkness":1.0,"shadowBias":0.5}