{"@class":"Light","id":{"uuid":"0AC9130F-F071-4001-942A-1E02DD790F74"},"lightType":"spot","color":{"values":[0.9058823585510254,0.6941176652908325,0.3960784375667572]},"intensity":6.0,"radius":8.0,"coneAngle":160.0,"prenumbra":30.0,"shadowType":"no","shadowSizeX":16.0,"shadowSizeY":16.0,"shadowResolutionX":1024.0,"shadowResolutionY":1024.0,"shadowDarkness":1.0,"shadowBias":0.5}