{"@class":"Light","id":{"uuid":"0C615292-A213-48F3-92FC-2BF285F1109C"},"lightType":"point","color":{"values":[0.8274509906768799,0.3780422806739807,0.1764705926179886]},"intensity":7.0,"radius":15.0,"coneAngle":45.0,"prenumbra":1.0,"shadowType":"no","shadowSizeX":16.0,"shadowSizeY":16.0,"shadowResolutionX":1024.0,"shadowResolutionY":1024.0,"shadowDarkness":1.0,"shadowBias":0.5}