{"@class":"Light","id":{"uuid":"0D653882-AB2C-4381-8920-F8410CC1FDAB"},"lightType":"point","color":{"values":[0.8627451062202454,0.18292514979839326,0.0]},"intensity":50.0,"radius":26.40557098388672,"coneAngle":45.0,"prenumbra":1.0,"shadowType":"no","shadowSizeX":16.0,"shadowSizeY":16.0,"shadowResolutionX":1024.0,"shadowResolutionY":1024.0,"shadowDarkness":1.0,"shadowBias":0.5}