{"@class":"Light","id":{"uuid":"11250223-D969-48D8-B858-20CF5FBA4E40"},"lightType":"spot","color":{"values":[0.30588236451148989,0.5803921818733215,0.9607843160629273]},"intensity":14.0,"radius":27.0,"coneAngle":100.0,"prenumbra":30.0,"shadowType":"no","shadowSizeX":16.0,"shadowSizeY":16.0,"shadowResolutionX":1024.0,"shadowResolutionY":1024.0,"shadowDarkness":1.0,"shadowBias":0.5}