{"@class":"Light","id":{"uuid":"13CE5F5A-9BDA-444A-8F8B-52E72B8241AA"},"lightType":"spot","color":{"values":[0.8274509906768799,0.1764705926179886,0.1764705926179886]},"intensity":2.0,"radius":5.0,"coneAngle":150.0,"prenumbra":30.0,"shadowType":"no","shadowSizeX":16.0,"shadowSizeY":16.0,"shadowResolutionX":1024.0,"shadowResolutionY":1024.0,"shadowDarkness":1.0,"shadowBias":0.5}