{"@class":"Light","id":{"uuid":"235E17B6-60FA-4559-A154-DA48F2889EA2"},"lightType":"point","color":{"values":[0.8627451062202454,0.5647059082984924,0.13725490868091584]},"intensity":5.0,"radius":2.0,"coneAngle":45.0,"prenumbra":1.0,"shadowType":"no","shadowSizeX":16.0,"shadowSizeY":16.0,"shadowResolutionX":1024.0,"shadowResolutionY":1024.0,"shadowDarkness":1.0,"shadowBias":0.5}