{"@class":"Light","id":{"uuid":"250F8149-169D-4252-B0A1-D146FBC849F8"},"lightType":"spot","color":{"values":[1.0,0.08627451211214066,0.08627451211214066]},"intensity":6.0,"radius":25.0,"coneAngle":100.0,"prenumbra":20.0,"shadowType":"no","shadowSizeX":16.0,"shadowSizeY":16.0,"shadowResolutionX":1024.0,"shadowResolutionY":1024.0,"shadowDarkness":1.0,"shadowBias":0.5}