{"@class":"Light","id":{"uuid":"297D2A45-7B66-4811-843C-116815CE1595"},"lightType":"spot","color":{"values":[0.15294118225574494,0.5686274766921997,0.8274509906768799]},"intensity":1.25,"radius":13.0,"coneAngle":76.0,"prenumbra":13.0,"shadowType":"no","shadowSizeX":16.0,"shadowSizeY":16.0,"shadowResolutionX":1024.0,"shadowResolutionY":1024.0,"shadowDarkness":1.0,"shadowBias":0.5}