{"@class":"Light","id":{"uuid":"33C0859B-55CD-4905-AC46-9E0DF229F406"},"lightType":"spot","color":{"values":[0.2387121319770813,0.6015716791152954,0.8274509906768799]},"intensity":2.0,"radius":20.0,"coneAngle":120.0,"prenumbra":30.0,"shadowType":"no","shadowSizeX":16.0,"shadowSizeY":16.0,"shadowResolutionX":1024.0,"shadowResolutionY":1024.0,"shadowDarkness":1.0,"shadowBias":0.5}