{"@class":"Light","id":{"uuid":"3B02E157-BBC2-475B-879F-8A266392DAD7"},"lightType":"point","color":{"values":[0.304890513420105,0.46950483322143557,0.9615930318832398]},"intensity":20.0,"radius":24.176944732666017,"coneAngle":45.0,"prenumbra":1.0,"shadowType":"pcf","shadowSizeX":16.0,"shadowSizeY":16.0,"shadowResolutionX":1024.0,"shadowResolutionY":1024.0,"shadowDarkness":1.0,"shadowBias":0.5}