{"@class":"Light","id":{"uuid":"40D04CBD-5D5C-4180-A96F-F2308A97F6B7"},"lightType":"spot","color":{"values":[0.40784314274787905,0.6980392336845398,0.8784313797950745]},"intensity":8.0,"radius":3.0,"coneAngle":73.0,"prenumbra":10.0,"shadowType":"no","shadowSizeX":16.0,"shadowSizeY":16.0,"shadowResolutionX":1024.0,"shadowResolutionY":1024.0,"shadowDarkness":1.0,"shadowBias":0.5}