{"@class":"Light","id":{"uuid":"4192D47C-C6F7-4DE4-9237-CC7EC011A547"},"lightType":"spot","color":{"values":[0.8274509906768799,0.1764705926179886,0.1764705926179886]},"intensity":10.0,"radius":2.0,"coneAngle":80.0,"prenumbra":10.0,"shadowType":"no","shadowSizeX":16.0,"shadowSizeY":16.0,"shadowResolutionX":1024.0,"shadowResolutionY":1024.0,"shadowDarkness":1.0,"shadowBias":0.5}