{"@class":"Light","id":{"uuid":"577CA880-A320-4DAC-A711-016EADD2AC95"},"lightType":"spot","color":{"values":[0.15294118225574494,0.5686274766921997,0.8274509906768799]},"intensity":0.0,"radius":20.0,"coneAngle":51.0,"prenumbra":4.0,"shadowType":"no","shadowSizeX":16.0,"shadowSizeY":16.0,"shadowResolutionX":1024.0,"shadowResolutionY":1024.0,"shadowDarkness":1.0,"shadowBias":0.5}