{"@class":"Light","id":{"uuid":"59607005-764C-44A8-A895-FDC7E03DF2F5"},"lightType":"point","color":{"values":[0.8980392217636108,0.5058823823928833,0.5058823823928833]},"intensity":1.0,"radius":3.0,"coneAngle":45.0,"prenumbra":1.0,"shadowType":"no","shadowSizeX":16.0,"shadowSizeY":16.0,"shadowResolutionX":1024.0,"shadowResolutionY":1024.0,"shadowDarkness":1.0,"shadowBias":0.5}