{"@class":"Light","id":{"uuid":"5C7807FE-7D6B-493B-8521-C6C3E48A1F01"},"lightType":"spot","color":{"values":[0.8980392217636108,0.5058823823928833,0.5058823823928833]},"intensity":6.0,"radius":4.0,"coneAngle":59.0,"prenumbra":4.0,"shadowType":"no","shadowSizeX":16.0,"shadowSizeY":16.0,"shadowResolutionX":1024.0,"shadowResolutionY":1024.0,"shadowDarkness":1.0,"shadowBias":0.5}