{"@class":"Light","id":{"uuid":"62E08E26-9C02-48CD-B040-1A13A661FECE"},"lightType":"spot","color":{"values":[0.15294118225574494,0.5686274766921997,0.8274509906768799]},"intensity":6.0,"radius":8.0,"coneAngle":80.0,"prenumbra":20.0,"shadowType":"no","shadowSizeX":16.0,"shadowSizeY":16.0,"shadowResolutionX":1024.0,"shadowResolutionY":1024.0,"shadowDarkness":1.0,"shadowBias":0.5}