{"@class":"Light","id":{"uuid":"6583E1E0-540B-4509-96C0-1EBBF6518277"},"lightType":"spot","color":{"values":[0.40784314274787905,0.6980392336845398,0.8784313797950745]},"intensity":7.0,"radius":27.0,"coneAngle":80.0,"prenumbra":25.0,"shadowType":"no","shadowSizeX":16.0,"shadowSizeY":16.0,"shadowResolutionX":1024.0,"shadowResolutionY":1024.0,"shadowDarkness":1.0,"shadowBias":0.5}