{"@class":"Light","id":{"uuid":"66D74A69-72C5-4BE2-944A-50E5ADFF4C9C"},"lightType":"point","color":{"values":[0.547112226486206,0.7514762878417969,0.8784313797950745]},"intensity":4.0,"radius":15.0,"coneAngle":45.0,"prenumbra":1.0,"shadowType":"no","shadowSizeX":16.0,"shadowSizeY":16.0,"shadowResolutionX":1024.0,"shadowResolutionY":1024.0,"shadowDarkness":1.0,"shadowBias":0.5}