{"@class":"Light","id":{"uuid":"743677A4-8AF9-4647-8AEA-C6A3B9C2F283"},"lightType":"spot","color":{"values":[0.4729533791542053,0.3767605125904083,0.24144349992275239]},"intensity":10.0,"radius":18.048999786376954,"coneAngle":44.0,"prenumbra":10.0,"shadowType":"no","shadowSizeX":16.0,"shadowSizeY":16.0,"shadowResolutionX":1024.0,"shadowResolutionY":1024.0,"shadowDarkness":1.0,"shadowBias":0.5}