{"@class":"Light","id":{"uuid":"769523FB-2599-476F-89F1-66D08EB5D060"},"lightType":"point","color":{"values":[0.8274509906768799,0.13987945020198823,0.1764705926179886]},"intensity":30.0,"radius":32.531715393066409,"coneAngle":45.0,"prenumbra":1.0,"shadowType":"no","shadowSizeX":16.0,"shadowSizeY":16.0,"shadowResolutionX":1024.0,"shadowResolutionY":1024.0,"shadowDarkness":1.0,"shadowBias":0.5}