{"@class":"Light","id":{"uuid":"76F40055-573D-4139-BA10-693CCF1D1352"},"lightType":"point","color":{"values":[0.304890513420105,0.5813687443733215,0.9615930318832398]},"intensity":20.0,"radius":34.73681640625,"coneAngle":45.0,"prenumbra":1.0,"shadowType":"pcf","shadowSizeX":16.0,"shadowSizeY":16.0,"shadowResolutionX":1024.0,"shadowResolutionY":1024.0,"shadowDarkness":1.0,"shadowBias":0.5}