{"@class":"Light","id":{"uuid":"7844728D-57E0-4FD4-97D8-A351EBAC49A5"},"lightType":"point","color":{"values":[0.8274509906768799,0.13987945020198823,0.1764705926179886]},"intensity":30.0,"radius":32.531715393066409,"coneAngle":45.0,"prenumbra":1.0,"shadowType":"no","shadowSizeX":16.0,"shadowSizeY":16.0,"shadowResolutionX":1024.0,"shadowResolutionY":1024.0,"shadowDarkness":1.0,"shadowBias":0.5}