{"@class":"Light","id":{"uuid":"7997BA95-B9B1-49CE-8399-FFE1A735C54D"},"lightType":"point","color":{"values":[0.45444419980049136,0.9329213500022888,0.7952849864959717]},"intensity":5.0,"radius":20.0,"coneAngle":45.0,"prenumbra":1.0,"shadowType":"no","shadowSizeX":16.0,"shadowSizeY":16.0,"shadowResolutionX":1024.0,"shadowResolutionY":1024.0,"shadowDarkness":1.0,"shadowBias":0.5}