{"@class":"Light","id":{"uuid":"7DBB7049-B2D7-4ED9-98C0-1A2460D24C7E"},"lightType":"point","color":{"values":[0.9058823585510254,0.3536583483219147,0.0]},"intensity":20.0,"radius":36.44652557373047,"coneAngle":45.0,"prenumbra":1.0,"shadowType":"pcf","shadowSizeX":16.0,"shadowSizeY":16.0,"shadowResolutionX":1024.0,"shadowResolutionY":1024.0,"shadowDarkness":1.0,"shadowBias":0.5}