{"@class":"Light","id":{"uuid":"8998120E-F088-4014-9EE4-420CB30A7135"},"lightType":"spot","color":{"values":[0.15294118225574494,0.5686274766921997,0.8274509906768799]},"intensity":2.0,"radius":5.0,"coneAngle":160.0,"prenumbra":30.0,"shadowType":"no","shadowSizeX":16.0,"shadowSizeY":16.0,"shadowResolutionX":1024.0,"shadowResolutionY":1024.0,"shadowDarkness":1.0,"shadowBias":0.5}