{"@class":"Light","id":{"uuid":"90BAE133-AE18-4786-8B8E-9A73401ABA08"},"lightType":"spot","color":{"values":[0.15294118225574494,0.5686274766921997,0.8274509906768799]},"intensity":10.0,"radius":3.0,"coneAngle":60.0,"prenumbra":10.0,"shadowType":"no","shadowSizeX":16.0,"shadowSizeY":16.0,"shadowResolutionX":1024.0,"shadowResolutionY":1024.0,"shadowDarkness":1.0,"shadowBias":0.5}