{"@class":"Light","id":{"uuid":"91A2A95F-0E79-4699-9E34-B3997E2281BA"},"lightType":"point","color":{"values":[0.8274509906768799,0.3780422806739807,0.1764705926179886]},"intensity":20.0,"radius":12.873290061950684,"coneAngle":45.0,"prenumbra":1.0,"shadowType":"no","shadowSizeX":16.0,"shadowSizeY":16.0,"shadowResolutionX":1024.0,"shadowResolutionY":1024.0,"shadowDarkness":1.0,"shadowBias":0.5}