{"@class":"Light","id":{"uuid":"978B744E-AB8D-456F-AB9F-E29D204C28E5"},"lightType":"point","color":{"values":[0.8627451062202454,0.5647059082984924,0.13725490868091584]},"intensity":70.0,"radius":4.0,"coneAngle":45.0,"prenumbra":1.0,"shadowType":"no","shadowSizeX":16.0,"shadowSizeY":16.0,"shadowResolutionX":1024.0,"shadowResolutionY":1024.0,"shadowDarkness":1.0,"shadowBias":0.5}