{"@class":"Light","id":{"uuid":"97FB94F9-2432-4920-95A3-43B82120D3CF"},"lightType":"spot","color":{"values":[0.15294118225574494,0.5686274766921997,0.8274509906768799]},"intensity":10.0,"radius":5.0,"coneAngle":73.0,"prenumbra":10.0,"shadowType":"no","shadowSizeX":16.0,"shadowSizeY":16.0,"shadowResolutionX":1024.0,"shadowResolutionY":1024.0,"shadowDarkness":1.0,"shadowBias":0.5}