{"@class":"Light","id":{"uuid":"980EE833-A34A-45C5-8D27-5994F5578CD1"},"lightType":"spot","color":{"values":[0.8274509906768799,0.1764705926179886,0.1764705926179886]},"intensity":3.0,"radius":20.0,"coneAngle":120.0,"prenumbra":30.0,"shadowType":"no","shadowSizeX":16.0,"shadowSizeY":16.0,"shadowResolutionX":1024.0,"shadowResolutionY":1024.0,"shadowDarkness":1.0,"shadowBias":0.5}