{"@class":"Light","id":{"uuid":"9E7D5434-4984-4280-981E-8F87C22AE5F3"},"lightType":"spot","color":{"values":[0.15294118225574494,0.5686274766921997,0.8274509906768799]},"intensity":5.0,"radius":20.0,"coneAngle":78.48886108398438,"prenumbra":7.0,"shadowType":"no","shadowSizeX":16.0,"shadowSizeY":16.0,"shadowResolutionX":1024.0,"shadowResolutionY":1024.0,"shadowDarkness":1.0,"shadowBias":0.5}