{"@class":"Light","id":{"uuid":"A02D0DFE-97C4-4FC1-BD31-221B07C9A51B"},"lightType":"point","color":{"values":[0.40784314274787905,0.6980392336845398,0.8784313797950745]},"intensity":4.0,"radius":2.0,"coneAngle":45.0,"prenumbra":1.0,"shadowType":"no","shadowSizeX":16.0,"shadowSizeY":16.0,"shadowResolutionX":1024.0,"shadowResolutionY":1024.0,"shadowDarkness":1.0,"shadowBias":0.5}