{"@class":"Light","id":{"uuid":"A32A9E30-8580-4FC2-9ADC-29C06845FDBD"},"lightType":"spot","color":{"values":[0.15294118225574494,0.5686274766921997,0.8274509906768799]},"intensity":6.0,"radius":8.0,"coneAngle":110.0,"prenumbra":20.0,"shadowType":"no","shadowSizeX":16.0,"shadowSizeY":16.0,"shadowResolutionX":1024.0,"shadowResolutionY":1024.0,"shadowDarkness":1.0,"shadowBias":0.5}