{"@class":"Light","id":{"uuid":"B1F3D26A-6DC2-4B76-ABCB-214C5A31738C"},"lightType":"point","color":{"values":[0.654230535030365,0.7924925684928894,0.8784313797950745]},"intensity":4.0,"radius":12.0,"coneAngle":45.0,"prenumbra":1.0,"shadowType":"no","shadowSizeX":16.0,"shadowSizeY":16.0,"shadowResolutionX":1024.0,"shadowResolutionY":1024.0,"shadowDarkness":1.0,"shadowBias":0.5}