{"@class":"Light","id":{"uuid":"BC7485B0-3036-4597-8B79-16FF24CE8663"},"lightType":"point","color":{"values":[0.15294118225574494,0.5686274766921997,0.8274509906768799]},"intensity":10.0,"radius":2.0,"coneAngle":45.0,"prenumbra":1.0,"shadowType":"no","shadowSizeX":16.0,"shadowSizeY":16.0,"shadowResolutionX":1024.0,"shadowResolutionY":1024.0,"shadowDarkness":1.0,"shadowBias":0.5}