{"@class":"Light","id":{"uuid":"BEA4BD4C-515E-4673-8A80-8921C9B50D8B"},"lightType":"spot","color":{"values":[0.15294118225574494,0.5686274766921997,0.8274509906768799]},"intensity":4.0,"radius":20.0,"coneAngle":100.0,"prenumbra":30.0,"shadowType":"no","shadowSizeX":16.0,"shadowSizeY":16.0,"shadowResolutionX":1024.0,"shadowResolutionY":1024.0,"shadowDarkness":1.0,"shadowBias":0.5}