{"@class":"Light","id":{"uuid":"BF6AC551-C073-494D-B046-86F5BE396B43"},"lightType":"point","color":{"values":[0.21501487493515016,0.6241245269775391,0.8784313797950745]},"intensity":5.0,"radius":10.0,"coneAngle":45.0,"prenumbra":1.0,"shadowType":"no","shadowSizeX":16.0,"shadowSizeY":16.0,"shadowResolutionX":1024.0,"shadowResolutionY":1024.0,"shadowDarkness":1.0,"shadowBias":0.5}