{"@class":"Light","id":{"uuid":"C1DC4B20-BE51-450D-B1D8-98C15B485A20"},"lightType":"point","color":{"values":[0.8274509906768799,0.3780422806739807,0.1764705926179886]},"intensity":7.0,"radius":15.0,"coneAngle":45.0,"prenumbra":1.0,"shadowType":"no","shadowSizeX":16.0,"shadowSizeY":16.0,"shadowResolutionX":1024.0,"shadowResolutionY":1024.0,"shadowDarkness":1.0,"shadowBias":0.5}