{"@class":"Light","id":{"uuid":"C21B9102-1F51-44D0-AD92-5A6DF8B5E64B"},"lightType":"spot","color":{"values":[0.9000076055526733,0.2070038914680481,0.2070038914680481]},"intensity":5.0,"radius":40.0,"coneAngle":120.0,"prenumbra":25.0,"shadowType":"no","shadowSizeX":16.0,"shadowSizeY":16.0,"shadowResolutionX":1024.0,"shadowResolutionY":1024.0,"shadowDarkness":1.0,"shadowBias":0.5}