{"@class":"Light","id":{"uuid":"C7B8C9D5-1DCC-4E32-9EAD-DB7E48E55CEE"},"lightType":"point","color":{"values":[1.0,0.30722513794898989,0.30722513794898989]},"intensity":10.0,"radius":32.531715393066409,"coneAngle":45.0,"prenumbra":1.0,"shadowType":"no","shadowSizeX":16.0,"shadowSizeY":16.0,"shadowResolutionX":1024.0,"shadowResolutionY":1024.0,"shadowDarkness":1.0,"shadowBias":0.5}