{"@class":"Light","id":{"uuid":"CA4CF917-99A1-414F-8121-6F103B8BC1ED"},"lightType":"spot","color":{"values":[0.8274509906768799,0.30652323365211489,0.07556267827749253]},"intensity":8.0,"radius":16.0,"coneAngle":120.0,"prenumbra":30.0,"shadowType":"no","shadowSizeX":16.0,"shadowSizeY":16.0,"shadowResolutionX":1024.0,"shadowResolutionY":1024.0,"shadowDarkness":1.0,"shadowBias":0.5}