{"@class":"Light","id":{"uuid":"CBB66AFC-7416-4E14-8C62-758D716675AC"},"lightType":"spot","color":{"values":[0.8274509906768799,0.1764705926179886,0.1764705926179886]},"intensity":2.0,"radius":26.0,"coneAngle":115.0,"prenumbra":13.0,"shadowType":"no","shadowSizeX":16.0,"shadowSizeY":16.0,"shadowResolutionX":1024.0,"shadowResolutionY":1024.0,"shadowDarkness":1.0,"shadowBias":0.5}