{"@class":"Light","id":{"uuid":"CC5CD4AD-5FD8-4B76-8D48-9C78A4A26188"},"lightType":"spot","color":{"values":[0.8627451062202454,0.5647059082984924,0.13725490868091584]},"intensity":6.0,"radius":8.0,"coneAngle":80.0,"prenumbra":10.0,"shadowType":"no","shadowSizeX":16.0,"shadowSizeY":16.0,"shadowResolutionX":1024.0,"shadowResolutionY":1024.0,"shadowDarkness":1.0,"shadowBias":0.5}