{"@class":"Light","id":{"uuid":"CFDD5328-0D1C-4067-882F-A0461956EDFB"},"lightType":"point","color":{"values":[0.40784314274787905,0.6980392336845398,0.8784313797950745]},"intensity":5.0,"radius":74.52528381347656,"coneAngle":45.0,"prenumbra":1.0,"shadowType":"no","shadowSizeX":16.0,"shadowSizeY":16.0,"shadowResolutionX":1024.0,"shadowResolutionY":1024.0,"shadowDarkness":1.0,"shadowBias":0.5}