{"@class":"Light","id":{"uuid":"D1AE4E25-B19F-4F73-BDC6-99F84B07E026"},"lightType":"point","color":{"values":[0.8627451062202454,0.5647059082984924,0.13725490868091584]},"intensity":5.0,"radius":2.0,"coneAngle":45.0,"prenumbra":1.0,"shadowType":"no","shadowSizeX":16.0,"shadowSizeY":16.0,"shadowResolutionX":1024.0,"shadowResolutionY":1024.0,"shadowDarkness":1.0,"shadowBias":0.5}