{"@class":"Light","id":{"uuid":"D86B7CB6-9D1E-4A9C-87AF-F1BE466D8D9F"},"lightType":"spot","color":{"values":[0.8274509906768799,0.1764705926179886,0.1764705926179886]},"intensity":2.0,"radius":5.0,"coneAngle":150.0,"prenumbra":30.0,"shadowType":"no","shadowSizeX":16.0,"shadowSizeY":16.0,"shadowResolutionX":1024.0,"shadowResolutionY":1024.0,"shadowDarkness":1.0,"shadowBias":0.5}