{"@class":"Light","id":{"uuid":"DC6E1077-DDAD-466B-9F9E-09997B029ECE"},"lightType":"spot","color":{"values":[0.40784314274787905,0.6980392336845398,0.8784313797950745]},"intensity":3.0,"radius":59.0,"coneAngle":116.0,"prenumbra":30.0,"shadowType":"no","shadowSizeX":16.0,"shadowSizeY":16.0,"shadowResolutionX":1024.0,"shadowResolutionY":1024.0,"shadowDarkness":1.0,"shadowBias":0.5}