{"@class":"Light","id":{"uuid":"DD6C78E9-2D79-4FD8-8E35-E0B361EC825E"},"lightType":"point","color":{"values":[0.9256580471992493,0.6059662699699402,0.009185931645333767]},"intensity":5.0,"radius":10.0,"coneAngle":45.0,"prenumbra":1.0,"shadowType":"pcf","shadowSizeX":16.0,"shadowSizeY":16.0,"shadowResolutionX":1024.0,"shadowResolutionY":1024.0,"shadowDarkness":1.0,"shadowBias":0.5}