{"@class":"Light","id":{"uuid":"DE7D3485-C486-41B1-ADE4-C3D9E0B87E13"},"lightType":"spot","color":{"values":[0.15294118225574494,0.5686274766921997,0.8274509906768799]},"intensity":1.0,"radius":4.0,"coneAngle":160.0,"prenumbra":30.0,"shadowType":"no","shadowSizeX":16.0,"shadowSizeY":16.0,"shadowResolutionX":1024.0,"shadowResolutionY":1024.0,"shadowDarkness":1.0,"shadowBias":0.5}