{"@class":"Light","id":{"uuid":"DF28FF04-417D-48EB-97A8-67D33C20A2C0"},"lightType":"point","color":{"values":[1.0,0.09756618738174439,0.09756618738174439]},"intensity":40.0,"radius":16.374975204467775,"coneAngle":45.0,"prenumbra":1.0,"shadowType":"no","shadowSizeX":16.0,"shadowSizeY":16.0,"shadowResolutionX":1024.0,"shadowResolutionY":1024.0,"shadowDarkness":1.0,"shadowBias":0.5}