{"@class":"Light","id":{"uuid":"E832877E-74E0-4349-825D-15721291F75E"},"lightType":"point","color":{"values":[1.0,0.16800183057785035,0.0]},"intensity":99.98999786376953,"radius":28.987491607666017,"coneAngle":45.0,"prenumbra":1.0,"shadowType":"no","shadowSizeX":16.0,"shadowSizeY":16.0,"shadowResolutionX":1024.0,"shadowResolutionY":1024.0,"shadowDarkness":1.0,"shadowBias":0.5}