{"@class":"Light","id":{"uuid":"EA1D5474-52DC-446B-AC2C-99C907705B46"},"lightType":"spot","color":{"values":[0.5891813635826111,0.767559289932251,0.8784313797950745]},"intensity":6.0,"radius":5.0,"coneAngle":100.0,"prenumbra":10.0,"shadowType":"no","shadowSizeX":16.0,"shadowSizeY":16.0,"shadowResolutionX":1024.0,"shadowResolutionY":1024.0,"shadowDarkness":1.0,"shadowBias":0.5}