{"@class":"Light","id":{"uuid":"EEA73547-0EBD-40F9-9222-840955E31D90"},"lightType":"spot","color":{"values":[0.8274509906768799,0.30652323365211489,0.07556267827749253]},"intensity":16.0,"radius":16.0,"coneAngle":120.0,"prenumbra":30.0,"shadowType":"no","shadowSizeX":16.0,"shadowSizeY":16.0,"shadowResolutionX":1024.0,"shadowResolutionY":1024.0,"shadowDarkness":1.0,"shadowBias":0.5}