{"@class":"Light","id":{"uuid":"F65B912C-964F-40FC-A112-399D7D0DAB39"},"lightType":"spot","color":{"values":[0.8980392217636108,0.21017776429653169,0.21017776429653169]},"intensity":5.0,"radius":41.0,"coneAngle":130.0,"prenumbra":25.0,"shadowType":"no","shadowSizeX":16.0,"shadowSizeY":16.0,"shadowResolutionX":1024.0,"shadowResolutionY":1024.0,"shadowDarkness":1.0,"shadowBias":0.5}