{"@class":"Light","id":{"uuid":"F7B55A14-61F8-40EE-A4C5-C73A0E312C38"},"lightType":"spot","color":{"values":[0.8274509906768799,0.30652323365211489,0.07556267827749253]},"intensity":8.0,"radius":16.0,"coneAngle":120.0,"prenumbra":30.0,"shadowType":"no","shadowSizeX":16.0,"shadowSizeY":16.0,"shadowResolutionX":1024.0,"shadowResolutionY":1024.0,"shadowDarkness":1.0,"shadowBias":0.5}