{"@class":"Light","id":{"uuid":"F83BF76B-7467-40C8-AF76-F7485142BB8C"},"lightType":"point","color":{"values":[0.8627451062202454,0.5647059082984924,0.13725490868091584]},"intensity":10.0,"radius":4.73447847366333,"coneAngle":45.0,"prenumbra":1.0,"shadowType":"no","shadowSizeX":16.0,"shadowSizeY":16.0,"shadowResolutionX":1024.0,"shadowResolutionY":1024.0,"shadowDarkness":1.0,"shadowBias":0.5}