{"@class":"Light","id":{"uuid":"F8417180-E210-4A99-B639-FBA72B1C147F"},"lightType":"spot","color":{"values":[0.15294118225574494,0.5686274766921997,0.8274509906768799]},"intensity":5.0,"radius":20.0,"coneAngle":78.48886108398438,"prenumbra":7.0,"shadowType":"no","shadowSizeX":16.0,"shadowSizeY":16.0,"shadowResolutionX":1024.0,"shadowResolutionY":1024.0,"shadowDarkness":1.0,"shadowBias":0.5}