{"@class":"Script_PostFX","id":{"uuid":"37F2112B-51B1-4A6D-98F4-A3AF6DCEC4B0"},"name":"Script_PostFX","enableOnAwake":false,"bloom_enabled":true,"bloomResolutionFactor_high":8.0,"bloomResolutionFactor_med":16.0,"bloomResolutionFactor_low":32.0,"cascade_high_enabled":true,"cascade_med_enabled":true,"cascade_low_enabled":true,"field_1":{"values":[0.20000000298023225,0.20000000298023225,0.20000000298023225]},"field_2":{"values":[0.10000000149011612,0.10000000149011612,0.10000000149011612]},"field_3":{"values":[0.05000000074505806,0.05000000074505806,0.05000000074505806]},"BaseSaturation":1.2999999523162842,"BaseIntensity":1.0,"BloomSaturation":1.0,"BloomIntensity":0.8700000047683716,"BloomIterations":3,"BloomSoftTreshold":0.9900000095367432,"BloomTreshold":0.3400000035762787,"chromatic_aberration_enabled":false,"chromatic_aberration_scale":5.0,"dof_enabled":false,"dof_range":10.0,"dof_distance":0.15000000596046449,"dof_aperture":0.0,"fxaa_enabled":true,"color_grading_enabled":true,"Brightness":1.3899999856948853,"Contrast":1.149999976158142,"Gamma":0.8500000238418579,"SRGB":true,"ssao_enabled":true,"ssao_radius":0.6000000238418579,"ssao_intensity":1.0,"sslr_enabled":true,"sslr_offset":1.0,"sslr_bias":0.10000000149011612,"sslr_iterations":15.899999618530274}